{"cameraMode":{"drawMode":0,"name":"Shaded","section":"Shading Mode"},"sceneLighting":true,"audioPlay":false,"sceneViewState":{"m_AlwaysRefresh":false,"showFog":true,"showSkybox":true,"showFlares":true,"showImageEffects":true,"showParticleSystems":true,"showVisualEffectGraphs":true,"m_FxEnabled":true},"in2DMode":false,"pivot":{"x":18.19069480895996,"y":30.328842163085939,"z":-34.84431838989258},"rotation":{"x":-0.46403902769088747,"y":0.029309164732694627,"z":-0.015366892330348492,"w":-0.8852528929710388},"size":0.008153862319886685,"orthographic":false}